숙소,평점
칸데오 호텔 오사카 난바 (Candeo Hotels Osaka Namba),8.6
호텔 포르자 오사카 난바 도톤보리 (Hotel Forza Osaka Namba Dotonbori),9.1
Hotel Forza Osaka Kitahama,8.9
CANDEO HOTELS Osaka Shinsaibashi,8.8
소테츠 그랜드 프레사 오사카 난바 (Sotetsu Grand Fresa Osaka Namba),8.5
아고라 플레이스 오사카 남바 (Agora Place Osaka Namba),8.4
오사카 후지야 호텔 (Osaka Fujiya Hotel),8.1
핫 스프링 프롬 딥 워터 오사카 히노데 호텔 닛폰바시 (Hot Spring from Deep Water Osaka Hinode Hotel Nipponbashi),8.8
APA Hotel & Resort Osaka Umeda Eki Tower,8.5
웰리나 호텔 도톤보리 (Welina Hotel Dotonbori),8.2
APA 호텔 난바 신사이바시 (APA Hotel Namba-Shinsaibashi),8
레드 루프 인 앤 스위트 오사카 난바 닛폰바시 (Red Roof Inn & Suites Osaka Namba Nippombashi),8.7
베셀 인 남바 (VESSEL INN NAMBA),8.9
plum hotel,8.9
APA 호텔 난바 미나미 에비수초 에키 (APA Hotel Namba Minami Ebisucho Eki),8.9
일쿠오레 난바 호텔 (Hotel IL Cuore Namba),8.4
그랑벨 호텔 오사카 (GRANBELL HOTEL OSAKA),8.4
APA 호텔 난바-에키 히가시 (APA Hotel Namba-Eki Higashi),8.4
도미인 프리미엄 난바 아넥스 내추럴 핫 스프링 (Dormy Inn Premium Namba ANNEX Natural Hot Spring),8.9
호텔 뉴 한큐 오사카 (Hotel New Hankyu Osaka),8.2
오사카 테이코쿠 호텔 (Osaka Teikoku Hotel),8.4
난바 오리엔탈 호텔 (Namba Oriental Hotel),8.5
APA Hotel and Resort Midosuji Hommachi Eki Tower,8.4
Seiryu 通天閣,8.8
베니키아 칼튼 호텔 오사카 도톤보리 (Benikea Calton Hotel Osaka Doutonbori),8.8
조이텔 호텔 남바 도톤보리 (JOYTEL HOTEL Namba-Dotonbori),8.9
Sotetsu Fresa Inn Osaka-Namba,8.7
사라사 호텔 도톤보리 (Sarasa Hotel Dotonbori),8.5
네스트 호텔 오사카 신사이바시 (Nest Hotel Osaka Shinsaibashi),7.8
호텔 비스타 오사카 난바 (Hotel Vista Osaka Namba),8.9
Centara Grand Hotel Osaka,9.1
APA 호텔 난바 신사이바시 니시 (APA Hotel Namba Shinsaibashi Nishi),9
호텔 WBF 난바 모토마치 (Hotel WBF Namba Motomachi),8.4
Hotel B Suites NambaKuromon,8.7
사라사 호텔 난바 (Sarasa Hotel Namba),8.4
호텔 케이한 난바 그란데 (Hotel Keihan Namba Grande),8.7
호스텔 큐 (Hostel Q),8.3
코코 호텔 오사카 난바 (KOKO HOTEL Osaka Namba),7.9
스마일 호텔 프리미엄 오사카 히가시신사이바시 (Smile Hotel Premium Osaka Higashishinsaibashi),8.8
신이마미야 호텔 (Hotel Shin Imamiya),7.3
Acro Capsule Hotel Namba Dotonbori,9.6
호텔 닛코 오사카 (Hotel Nikko Osaka),8.8
그리드스 프리미엄 호텔 오사카 남바 (GRIDS PREMIUM HOTEL OSAKA NAMBA),8.7
홀리데이 인 오사카 난바 (Holiday Inn OSAKA NAMBA),8.5
호텔 한큐 리스파이어 오사카 (Hotel Hankyu RESPIRE OSAKA),8.8
호텔 카고 신사이바시 (Hotel Cargo Shinsaibashi),9.1
베스포크 호텔 신사이바시 (Bespoke Hotel Shinsaibashi),8.7
토호 호텔 난바 모토마치 (Toho Hotel Namba Motomachi),8.7
하톤 호텔 신사이바시 (Hearton Hotel Shinsaibashi),8.3
오사카 료칸 구라모토 (Osaka Ryokan Kuramoto),8.5
온야도 노노 난바 내추럴 핫 스프링 (Onyado Nono Namba Natural Hot Spring),8.9
도미 인 프리미엄 난바 내추럴 핫 스프링 (Dormy Inn Premium Namba Natural Hot Spring),8.5
신사이바시 그랜드 호텔 오사카 (Shinsaibashi Grand Hotel Osaka),8.6
호텔 뉴 한큐 오사카 아넥스 (Hotel new Hankyu Osaka Annex),7.9
애로우 호텔 인 신사이바시 (Arrow Hotel in ShinsaiBashi),7.7
Swissotel Nankai Osaka,8.8
온야도 노노 오사카요도야바시 핫 스프링 (Onyado Nono Oosakayodoyabashi Hot Spring),9.1
하튼 호텔 신사이바시 나가호리도리 (Hearton Hotel Shinsaibashi Nagahoridori),8.8
웰스테이난바 (WellStayNamba),8.7
ibis Styles Osaka Namba Hotel,8.2
호텔 그레이서리 오사카 난바 (Hotel Gracery Osaka Namba),8.7
호텔 몬토레 그라스미아 오사카 (Hotel Monterey Grasmere Osaka),8.5
오사카 아카데미아 (Osaka Academia),7.3
호텔 타이요 (Hotel Taiyo),7.5
호텔 오리엔탈 익스프레스 오사카 신사이바시 (Hotel Oriental Express Osaka Shinsaibashi),8.9
난바 2초메 호텔 (Fourz Hotel Kintetsu Osaka-Namba),9
히요리 호텔 오사카 난바 스테이션 (Hiyori Hotel Osaka Namba Station),9.1
APA Hotel Yodoyabashi Kitahama Ekimae,8.6
캐빈 앤 캡슐 호텔 J-쉽 오사카 난바 (Cabin & Capsule Hotel J-SHIP Osaka Namba),9
네스트 호텔 오사카 우메다 (Nest Hotel Osaka Umeda),8.2
Hotel Villa Fontaine Grand Osaka Umeda,8.9
캡슐앤스파 그랜드 사우나 신사이바시 (Capsule&Spa Grand Sauna Shinsaibashi),8.1
위클리 그린 인 난바 (Weekly Green In Namba),8.5
The Stay Osaka Shinsaibashi,9
호텔 비스키오 오사카 바이 그랑비아 (HOTEL VISCHIO OSAKA by GRANVIA),8.9
닛폰바시 크리스탈 호텔 (Nipponbashi Crystal Hotel),8.6
호텔 링크 난바 (Hotel Links Namba),8.4
HOTEL ELCIENT OSAKA,8.7
도미 인 오사카 내추럴 핫 스프링 (타니마치) (Dormy Inn Osaka Natural Hot Springs (Tanimachi)),8.8
아크 호텔 오사카 신사이바시 (Ark Hotel Osaka Shinsaibashi),7.9
도미 인 프리미엄 오사카 기타하마 핫 스프링 (Dormy Inn Premium Osaka Kitahama Hot Springs),8.8
하톤 호텔 니시 우메다 (Hearton Hotel Nishi Umeda),8
호텔 소비알 난바 다이코쿠초 (Hotel Sobial Namba Daikokucho),8.8
Sotetsu Fresa Inn Kitahama,8.6
크로스 호텔 오사카 (Cross Hotel Osaka),8.9
퍼스트 캐빈 미도스지 난바 (First Cabin Midosuji-Namba),8.7
스마일 호텔 프리미엄 오사카 홈마치 (Smile Hotel Premium Osaka Hommachi),8.9
Hotel Resol Trinity Osaka,9
베스트웨스턴 호텔 피노 오사카 신사이바시 (Best Western Hotel Fino Osaka Shinsaibashi),8
호텔 더 록 (HOTEL THE ROCK),8.7
내추럴 핫 스프링 미도스지 호텔 (Natural Hot Spring Midosuji Hotel),8.3
APA HOTEL YODOYABASHIEKIMAE,7.9
이비스 버짓 오사카 우메다 (Ibis budget Osaka Umeda),8.3
카락사 호텔 그란데 신오사카 타워 (karaksa hotel grande Shin-Osaka Tower),8.9
오사카 뷰 호텔 혼마치 (Osaka View Hotel Honmachi),8.5
스테이 오사카 난바 (Stay Osaka Namba),8.3
도톤보리 호텔 (Dotonbori Hotel),8.8
RIHGA Royal Hotel Osaka,8.3
