숙소,평점,위치
미마루 오사카 난바 스테이션 (MIMARU OSAKA NAMBA STATION),9.1,"난바, 오사카 - 도심에 위치"
오리엔탈 호텔 유니버설 시티 (Oriental Hotel Universal City),8.4,"오사카 베이 에어리어, 오사카 - 도심까지 3.7km"
야마토야 혼텐 료칸 오사카 호텔 (Yamatoya Honten Ryokan Osaka Hotel),8.3,"신사이바시, 오사카 - 도심에 위치"
칸데오 호텔 오사카 난바 (Candeo Hotels Osaka Namba),8.6,"신사이바시, 오사카 - 도심에 위치"
리베르 호텔 앳 유니버설 스튜디오 재팬 (LIBER HOTEL AT UNIVERSAL STUDIO JAPAN),9.1,"오사카 베이 에어리어, 오사카 - 도심까지 4.3km"
ESLEAD HOTEL Namba South Ⅲ,9,"난바, 오사카 - 도심에 위치"
카락사 호텔 그란데 신오사카 타워 (karaksa hotel grande Shin-Osaka Tower),8.9,"신오사카, 오사카 - 도심까지 2.7km"
ESLEAD HOTEL Namba Daikokucho,9,"난바, 오사카 - 도심에 위치"
카락사 호텔 오사카 난바 (karaksa hotel Osaka Namba),9,"신사이바시, 오사카 - 도심에 위치"
MIMARU OSAKA SHINSAIBASHI NORTH,9.3,"신사이바시, 오사카 - 도심에 위치"
미마루 오사카 난바 스테이션 (MIMARU OSAKA NAMBA STATION),9.1,"난바, 오사카 - 도심에 위치"
호텔 뉴 한큐 오사카 아넥스 (Hotel new Hankyu Osaka Annex),8,"우메다, 오사카 - 도심에 위치"
MIMARU OSAKA SHINSAIBASHI EAST,9.2,"신사이바시, 오사카 - 도심에 위치"
오사카 메리어트 미야코 호텔 (Osaka Marriott Miyako Hotel),9.3,"덴노지, 오사카 - 도심까지 98m"
Hotel Forza Osaka Kitahama,8.9,"우메다, 오사카 - 도심에 위치"
오리엔탈 호텔 유니버설 시티 (Oriental Hotel Universal City),8.4,"오사카 베이 에어리어, 오사카 - 도심까지 3.7km"
